[
    {
        "reqIvgKey": "",
        
        "investigateData": [
            {
                "categoryId": "",
                "pCategory1Id": "",
                "pCategory2Id": "",
                "reqIvgNo": "",
                "repFirstPreferredDate": "",
                "repLastPreferredDate": "",
                "deptName": "",
                "divPl": "",
                "reqContents": "",
                "itemsLsi" : [{
                    "sortNo":"",
                    "acceptNo":"",
                    "acceptDate":"",
                    "mngItmNoCtm":"",
                    "mngItmNoSony":"",
                    "markLotNo":"",
                    "otherId":"",
                    "occurDate":"",
                    "occurPlace":"",
                    "occurProcess":"",
                    "occurProcessDetail":"",
                    "symptomsNoted":"",
                    "symptomsNotedDetail":"",
                    "iniRetDetail":"",
                    "chkItem1Name":"",
                    "chkItem2Name":"",
                    "chkItem3Name":"",
                    "ivgReqDetail":""
                }],
                "itemsDd" : [{
                    "sortNo":"",
                    "mngItmNoCtm":"",
                    "mngItmNoSony":"",
                    "markLotNo":"",
                    "otherId":"",
                    "occurDate":"",
                    "occurPlace":"",
                    "occurProcess":"",
                    "occurProcessDetail":"",
                    "symptomsNoted":"",
                    "symptomsNotedDetail":"",
                    "confirmSymptomName":"",
                    "divJudgeName":"",
                    "ivgReqDetail":""
                }],
                "itemsLaser": [{
                    "sortNo":"",
                    "mngItmNoCtm":"",
                    "mngItmNoSony":"",
                    "markLotNo":"",
                    "otherId":"",
                    "occurDate":"",
                    "occurPlace":"",
                    "occurProcess":"",
                    "occurProcessDetail":"",
                    "symptomsNoted":"",
                    "symptomsNotedDetail":"",
                    "iniRetDetail":"",
                    "chkItem1Name":"",
                    "chkItem2Name":"",
                    "chkItem3Name":"",
                    "chkItem4Name":"",
                    "ivgReqDetail":""
                }],
                "itemsIs": [{
                    "sortNo":"",
                    "mngItmNoCtm":"",
                    "mngItmNoSony":"",
                    "markLotNo":"",
                    "otherId":"",
                    "occurDate":"",
                    "occurPlace":"",
                    "occurProcess":"",
                    "occurProcessDetail":"",
                    "symptomsNoted":"",
                    "symptomsNotedDetail":"",
                    "advanceSymptomName":"",
                    "chkItem1Name":"",
                    "chkItem2Name":"",
                    "ivgReqDetail":""
                }]
            }
        ],
        "workFlowRequest": [
            {
                "slipKind":"",
                "personKind":"",
                "personId":"",
                "dispNo":"",
                "personDate":"",
                "personName":"",
                "personNameEn":"",
                "personComCode":"",
                "personSection":"",
                "personSectionEn":"",
                "personMail":"",
                "personResult":"",
                "personComment":"",
                "substituteId":"",
                "substituteName":"",
                "substituteNameEn":""
            }
        ],
        "workFlowAlalystGp":[
            {
                "slipKind":"",
                "personKind":"",
                "personId":"",
                "dispNo":"",
                "personDate":"",
                "personName":"",
                "personNameEn":"",
                "personComCode":"",
                "personSection":"",
                "personSectionEn":"",
                "personMail":"",
                "personResult":"",
                "personComment":"",
                "substituteId":"",
                "substituteName":"",
                "substituteNameEn":""
            }
        ],
        "workFlowAlalyst":[{
            "slipKind":"",
            "personKind":"",
            "personId":"",
            "dispNo":"",
            "personDate":"",
            "personName":"",
            "personNameEn":"",
            "personComCode":"",
            "personSection":"",
            "personSectionEn":"",
            "personMail":"",
            "personResult":"",
            "personComment":"",
            "substituteId":"",
            "substituteName":"",
            "substituteNameEn":""
        }],
        "workFlowConfirmer":[{
            "slipKind":"",
            "personKind":"",
            "personId":"",
            "dispNo":"",
            "personDate":"",
            "personName":"",
            "personNameEn":"",
            "personComCode":"",
            "personSection":"",
            "personSectionEn":"",
            "personMail":"",
            "personResult":"",
            "personComment":"",
            "substituteId":"",
            "substituteName":"",
            "substituteNameEn":""
        }],
        "workFlowApprover":[{
            "slipKind":"",
            "personKind":"",
            "personId":"",
            "dispNo":"",
            "personDate":"",
            "personName":"",
            "personNameEn":"",
            "personComCode":"",
            "personSection":"",
            "personSectionEn":"",
            "personMail":"",
            "personResult":"",
            "personComment":"",
            "substituteId":"",
            "substituteName":"",
            "substituteNameEn":""
        }],
        "workFlowRequestConfirmation" :[{
            "slipKind":"",
            "personKind":"",
            "personId":"",
            "dispNo":"",
            "personDate":"",
            "personName":"",
            "personNameEn":"",
            "personComCode":"",
            "personSection":"",
            "personSectionEn":"",
            "personMail":"",
            "personResult":"",
            "personComment":"",
            "substituteId":"",
            "substituteName":"",
            "substituteNameEn":""
        }],
        "attfile":[{
            "slipKind":"",
            "afKind":"",
            "detailNo":"",
            "afName":"",
            "afUrl":"",
            "afDate":"",
            "afPath":"",
            "afSize":"",
            "afExtension":""
        }]

    }
]